"","LACOdens","Year","Depth","Pool"
"1",25,"2001","shallow",302
"2",31,"2001","deep",304
"3",23,"2001","deep",305
"4",14,"2001","medium",306
"5",10,"2001","medium",307
"6",7,"2001","deep",309
"7",21,"2001","medium",310
"8",0,"2001","deep",313
"9",4,"2001","medium",314
"10",11,"2001","medium",321
"11",4,"2001","shallow",323
"12",14,"2001","deep",326
"13",24,"2001","shallow",328
"14",44,"2001","medium",329
"15",0,"2001","medium",330
"16",0,"2001","medium",333
"17",4,"2001","shallow",335
"18",0,"2001","shallow",337
"19",36,"2001","medium",338
"20",37,"2001","medium",339
"21",5,"2001","medium",340
"22",50,"2001","deep",341
"23",7,"2001","shallow",345
"24",23,"2001","deep",349
"25",7,"2001","shallow",351
"26",5,"2001","shallow",355
"27",1,"2001","shallow",356
"28",6,"2001","medium",357
"29",7,"2001","shallow",360
"30",20,"2001","medium",362
"31",9,"2001","shallow",363
"32",1,"2001","medium",364
"33",5,"2001","medium",365
"34",1,"2001","medium",370
"35",19,"2001","deep",373
"36",13,"2001","medium",374
"37",0,"2001","medium",377
"38",4,"2001","medium",378
"39",13,"2001","deep",380
"40",9,"2001","medium",381
"41",20,"2001","deep",382
"42",1,"2001","medium",383
"43",18,"2001","deep",384
"44",10,"2001","deep",385
"45",16,"2001","shallow",386
"46",0,"2001","shallow",387
"47",26,"2001","shallow",388
"48",20,"2001","medium",389
"49",14,"2001","medium",390
"50",4,"2001","shallow",393
"51",5,"2001","medium",394
"52",6,"2001","shallow",406
"53",5,"2001","shallow",407
"54",1,"2001","medium",409
"55",19,"2001","shallow",411
"56",37,"2001","medium",412
"57",5,"2001","shallow",413
"58",1,"2001","shallow",414
"59",9,"2001","shallow",415
"60",13,"2001","medium",416
"61",5,"2001","shallow",417
"62",13,"2001","shallow",419
"63",13,"2001","medium",421
"64",31,"2001","medium",422
"65",28,"2001","medium",423
"66",26,"2001","medium",428
"67",31,"2001","medium",430
"68",17,"2001","medium",432
"69",17,"2001","deep",433
"70",20,"2001","medium",435
"71",6,"2001","deep",437
"72",0,"2001","deep",440
"73",42,"2001","medium",443
"74",26,"2001","medium",444
"75",5,"2001","medium",446
"76",15,"2001","medium",447
"77",29,"2001","medium",452
"78",25,"2001","medium",453
"79",3,"2001","shallow",454
"80",4,"2001","shallow",456
"81",17,"2001","medium",459
"82",130,"2001","medium",460
"83",9,"2001","medium",461
"84",52,"2001","medium",462
"85",2,"2001","shallow",463
"86",2,"2001","medium",464
"87",22,"2001","deep",466
"88",22,"2001","medium",468
"89",2,"2001","medium",470
"90",20,"2001","deep",471
"91",32,"2001","medium",472
"92",13,"2001","deep",473
"93",7,"2001","medium",474
"94",52,"2001","medium",475
"95",1,"2001","medium",476
"96",32,"2001","medium",477
"97",34,"2001","deep",478
"98",5,"2001","medium",479
"99",150,"2001","deep",481
"100",92,"2001","deep",483
"101",2,"2001","deep",484
"102",39,"2001","medium",486
"103",0,"2001","medium",487
"104",28,"2001","deep",488
"105",41,"2001","medium",489
"106",108,"2001","deep",491
"107",37,"2001","medium",492
"108",30,"2001","medium",494
"109",18,"2001","medium",495
"110",55,"2001","medium",496
"111",26,"2001","medium",497
"112",37,"2001","deep",499
"113",19,"2001","medium",500
"114",400,"2001","medium",502
"115",44,"2001","deep",505
"116",9,"2001","shallow",506
"117",20,"2001","medium",507
"118",76,"2001","deep",508
"119",58,"2001","medium",509
"120",32,"2001","medium",514
"121",21,"2001","deep",516
"122",120,"2001","medium",518
"123",36,"2001","medium",520
"124",9,"2001","medium",522
"125",29,"2001","shallow",523
"126",86,"2001","medium",524
"127",135,"2001","deep",526
"128",220,"2001","medium",528
"129",161,"2001","medium",529
"130",24,"2001","deep",530
"131",19,"2001","shallow",534
"132",95,"2001","deep",538
"133",67,"2001","deep",540
"134",40,"2001","deep",541
"135",4,"2001","deep",543
"136",33,"2001","medium",544
"137",23,"2001","medium",546
"138",1,"2001","deep",547
"139",27,"2001","deep",548
"140",24,"2001","deep",549
"141",7,"2001","medium",551
"142",63,"2001","medium",555
"143",5,"2002","shallow",302
"144",190,"2002","deep",304
"145",66,"2002","deep",305
"146",21,"2002","medium",306
"147",9,"2002","medium",307
"148",23,"2002","deep",309
"149",102,"2002","medium",310
"150",9,"2002","deep",313
"151",1,"2002","medium",314
"152",5,"2002","medium",321
"153",1,"2002","shallow",323
"154",12,"2002","deep",326
"155",7,"2002","shallow",328
"156",32,"2002","medium",329
"157",0,"2002","medium",330
"158",13,"2002","medium",333
"159",4,"2002","shallow",335
"160",0,"2002","shallow",337
"161",16,"2002","medium",338
"162",21,"2002","medium",339
"163",8,"2002","medium",340
"164",66,"2002","deep",341
"165",0,"2002","shallow",345
"166",320,"2002","deep",349
"167",4,"2002","shallow",351
"168",6,"2002","shallow",355
"169",0,"2002","shallow",356
"170",7,"2002","medium",357
"171",3,"2002","shallow",360
"172",21,"2002","medium",362
"173",1,"2002","shallow",363
"174",0,"2002","medium",364
"175",3,"2002","medium",365
"176",2,"2002","medium",370
"177",14,"2002","deep",373
"178",21,"2002","medium",374
"179",0,"2002","medium",377
"180",6,"2002","medium",378
"181",32,"2002","deep",380
"182",69,"2002","medium",381
"183",63,"2002","deep",382
"184",4,"2002","medium",383
"185",35,"2002","deep",384
"186",27,"2002","deep",385
"187",3,"2002","shallow",386
"188",0,"2002","shallow",387
"189",3,"2002","shallow",388
"190",9,"2002","medium",389
"191",10,"2002","medium",390
"192",0,"2002","shallow",393
"193",2,"2002","medium",394
"194",0,"2002","shallow",406
"195",5,"2002","shallow",407
"196",0,"2002","medium",409
"197",1,"2002","shallow",411
"198",18,"2002","medium",412
"199",0,"2002","shallow",413
"200",0,"2002","shallow",414
"201",20,"2002","shallow",415
"202",6,"2002","medium",416
"203",0,"2002","shallow",417
"204",13,"2002","shallow",419
"205",3,"2002","medium",421
"206",11,"2002","medium",422
"207",81,"2002","medium",423
"208",12,"2002","medium",428
"209",104,"2002","medium",430
"210",49,"2002","medium",432
"211",128,"2002","deep",433
"212",68,"2002","medium",435
"213",23,"2002","deep",437
"214",0,"2002","deep",440
"215",1400,"2002","medium",443
"216",139,"2002","medium",444
"217",65,"2002","medium",446
"218",40,"2002","medium",447
"219",79,"2002","medium",452
"220",75,"2002","medium",453
"221",0,"2002","shallow",454
"222",2,"2002","shallow",456
"223",175,"2002","medium",459
"224",800,"2002","medium",460
"225",86,"2002","medium",461
"226",116,"2002","medium",462
"227",17,"2002","shallow",463
"228",7,"2002","medium",464
"229",53,"2002","deep",466
"230",104,"2002","medium",468
"231",32,"2002","medium",470
"232",34,"2002","deep",471
"233",350,"2002","medium",472
"234",258,"2002","deep",473
"235",68,"2002","medium",474
"236",109,"2002","medium",475
"237",7,"2002","medium",476
"238",66,"2002","medium",477
"239",65,"2002","deep",478
"240",15,"2002","medium",479
"241",1200,"2002","deep",481
"242",500,"2002","deep",483
"243",90,"2002","deep",484
"244",900,"2002","medium",486
"245",0,"2002","medium",487
"246",163,"2002","deep",488
"247",302,"2002","medium",489
"248",1600,"2002","deep",491
"249",29,"2002","medium",492
"250",33,"2002","medium",494
"251",23,"2002","medium",495
"252",0,"2002","medium",496
"253",14,"2002","medium",497
"254",59,"2002","deep",499
"255",18,"2002","medium",500
"256",1000,"2002","medium",502
"257",82,"2002","deep",505
"258",3,"2002","shallow",506
"259",11,"2002","medium",507
"260",1200,"2002","deep",508
"261",620,"2002","medium",509
"262",24,"2002","medium",514
"263",132,"2002","deep",516
"264",400,"2002","medium",518
"265",52,"2002","medium",520
"266",18,"2002","medium",522
"267",152,"2002","shallow",523
"268",300,"2002","medium",524
"269",330,"2002","deep",526
"270",101,"2002","medium",528
"271",215,"2002","medium",529
"272",35,"2002","deep",530
"273",8,"2002","shallow",534
"274",1500,"2002","deep",538
"275",168,"2002","deep",540
"276",310,"2002","deep",541
"277",107,"2002","deep",543
"278",100,"2002","medium",544
"279",60,"2002","medium",546
"280",0,"2002","deep",547
"281",3,"2002","deep",548
"282",14,"2002","deep",549
"283",7,"2002","medium",551
"284",650,"2002","medium",555
"285",5,"2003","shallow",302
"286",300,"2003","deep",304
"287",500,"2003","deep",305
"288",3,"2003","medium",306
"289",8,"2003","medium",307
"290",9,"2003","deep",309
"291",39,"2003","medium",310
"292",1,"2003","deep",313
"293",7,"2003","medium",314
"294",5,"2003","medium",321
"295",0,"2003","shallow",323
"296",5,"2003","deep",326
"297",1,"2003","shallow",328
"298",20,"2003","medium",329
"299",0,"2003","medium",330
"300",18,"2003","medium",333
"301",6,"2003","shallow",335
"302",0,"2003","shallow",337
"303",1,"2003","medium",338
"304",12,"2003","medium",339
"305",8,"2003","medium",340
"306",180,"2003","deep",341
"307",0,"2003","shallow",345
"308",500,"2003","deep",349
"309",0,"2003","shallow",351
"310",1,"2003","shallow",355
"311",0,"2003","shallow",356
"312",40,"2003","medium",357
"313",0,"2003","shallow",360
"314",25,"2003","medium",362
"315",0,"2003","shallow",363
"316",0,"2003","medium",364
"317",1,"2003","medium",365
"318",0,"2003","medium",370
"319",61,"2003","deep",373
"320",24,"2003","medium",374
"321",0,"2003","medium",377
"322",3,"2003","medium",378
"323",4,"2003","deep",380
"324",17,"2003","medium",381
"325",140,"2003","deep",382
"326",1,"2003","medium",383
"327",74,"2003","deep",384
"328",20,"2003","deep",385
"329",8,"2003","shallow",386
"330",0,"2003","shallow",387
"331",4,"2003","shallow",388
"332",9,"2003","medium",389
"333",1,"2003","medium",390
"334",0,"2003","shallow",393
"335",2,"2003","medium",394
"336",0,"2003","shallow",406
"337",3,"2003","shallow",407
"338",0,"2003","medium",409
"339",0,"2003","shallow",411
"340",10,"2003","medium",412
"341",0,"2003","shallow",413
"342",0,"2003","shallow",414
"343",11,"2003","shallow",415
"344",2,"2003","medium",416
"345",0,"2003","shallow",417
"346",1,"2003","shallow",419
"347",9,"2003","medium",421
"348",0,"2003","medium",422
"349",250,"2003","medium",423
"350",13,"2003","medium",428
"351",500,"2003","medium",430
"352",10,"2003","medium",432
"353",79,"2003","deep",433
"354",16,"2003","medium",435
"355",5,"2003","deep",437
"356",0,"2003","deep",440
"357",1250,"2003","medium",443
"358",725,"2003","medium",444
"359",750,"2003","medium",446
"360",200,"2003","medium",447
"361",160,"2003","medium",452
"362",71,"2003","medium",453
"363",0,"2003","shallow",454
"364",2,"2003","shallow",456
"365",250,"2003","medium",459
"366",920,"2003","medium",460
"367",115,"2003","medium",461
"368",70,"2003","medium",462
"369",66,"2003","shallow",463
"370",15,"2003","medium",464
"371",37,"2003","deep",466
"372",98,"2003","medium",468
"373",65,"2003","medium",470
"374",120,"2003","deep",471
"375",2000,"2003","medium",472
"376",300,"2003","deep",473
"377",600,"2003","medium",474
"378",560,"2003","medium",475
"379",10,"2003","medium",476
"380",130,"2003","medium",477
"381",77,"2003","deep",478
"382",8,"2003","medium",479
"383",1800,"2003","deep",481
"384",480,"2003","deep",483
"385",78,"2003","deep",484
"386",1250,"2003","medium",486
"387",0,"2003","medium",487
"388",600,"2003","deep",488
"389",250,"2003","medium",489
"390",2000,"2003","deep",491
"391",8,"2003","medium",492
"392",61,"2003","medium",494
"393",41,"2003","medium",495
"394",110,"2003","medium",496
"395",24,"2003","medium",497
"396",121,"2003","deep",499
"397",97,"2003","medium",500
"398",1900,"2003","medium",502
"399",92,"2003","deep",505
"400",0,"2003","shallow",506
"401",16,"2003","medium",507
"402",1625,"2003","deep",508
"403",368,"2003","medium",509
"404",14,"2003","medium",514
"405",60,"2003","deep",516
"406",340,"2003","medium",518
"407",30,"2003","medium",520
"408",19,"2003","medium",522
"409",98,"2003","shallow",523
"410",650,"2003","medium",524
"411",400,"2003","deep",526
"412",300,"2003","medium",528
"413",350,"2003","medium",529
"414",11,"2003","deep",530
"415",2,"2003","shallow",534
"416",1500,"2003","deep",538
"417",31,"2003","deep",540
"418",600,"2003","deep",541
"419",450,"2003","deep",543
"420",150,"2003","medium",544
"421",425,"2003","medium",546
"422",0,"2003","deep",547
"423",3,"2003","deep",548
"424",21,"2003","deep",549
"425",13,"2003","medium",551
"426",1700,"2003","medium",555
"427",0,"2004","shallow",302
"428",400,"2004","deep",304
"429",70,"2004","deep",305
"430",3,"2004","medium",306
"431",21,"2004","medium",307
"432",29,"2004","deep",309
"433",65,"2004","medium",310
"434",3,"2004","deep",313
"435",1,"2004","medium",314
"436",0,"2004","medium",321
"437",0,"2004","shallow",323
"438",28,"2004","deep",326
"439",0,"2004","shallow",328
"440",6,"2004","medium",329
"441",0,"2004","medium",330
"442",15,"2004","medium",333
"443",0,"2004","shallow",335
"444",0,"2004","shallow",337
"445",0,"2004","medium",338
"446",10,"2004","medium",339
"447",13,"2004","medium",340
"448",11,"2004","deep",341
"449",0,"2004","shallow",345
"450",800,"2004","deep",349
"451",0,"2004","shallow",351
"452",0,"2004","shallow",355
"453",0,"2004","shallow",356
"454",60,"2004","medium",357
"455",0,"2004","shallow",360
"456",27,"2004","medium",362
"457",0,"2004","shallow",363
"458",0,"2004","medium",364
"459",0,"2004","medium",365
"460",1,"2004","medium",370
"461",12,"2004","deep",373
"462",1,"2004","medium",374
"463",0,"2004","medium",377
"464",4,"2004","medium",378
"465",5,"2004","deep",380
"466",2,"2004","medium",381
"467",150,"2004","deep",382
"468",0,"2004","medium",383
"469",26,"2004","deep",384
"470",53,"2004","deep",385
"471",1,"2004","shallow",386
"472",0,"2004","shallow",387
"473",1,"2004","shallow",388
"474",1,"2004","medium",389
"475",0,"2004","medium",390
"476",0,"2004","shallow",393
"477",0,"2004","medium",394
"478",0,"2004","shallow",406
"479",0,"2004","shallow",407
"480",0,"2004","medium",409
"481",0,"2004","shallow",411
"482",3,"2004","medium",412
"483",0,"2004","shallow",413
"484",0,"2004","shallow",414
"485",0,"2004","shallow",415
"486",1,"2004","medium",416
"487",0,"2004","shallow",417
"488",0,"2004","shallow",419
"489",8,"2004","medium",421
"490",2,"2004","medium",422
"491",65,"2004","medium",423
"492",99,"2004","medium",428
"493",350,"2004","medium",430
"494",55,"2004","medium",432
"495",150,"2004","deep",433
"496",4,"2004","medium",435
"497",9,"2004","deep",437
"498",0,"2004","deep",440
"499",2000,"2004","medium",443
"500",380,"2004","medium",444
"501",900,"2004","medium",446
"502",350,"2004","medium",447
"503",71,"2004","medium",452
"504",4,"2004","medium",453
"505",0,"2004","shallow",454
"506",0,"2004","shallow",456
"507",400,"2004","medium",459
"508",1100,"2004","medium",460
"509",80,"2004","medium",461
"510",5,"2004","medium",462
"511",12,"2004","shallow",463
"512",1,"2004","medium",464
"513",0,"2004","deep",466
"514",18,"2004","medium",468
"515",450,"2004","medium",470
"516",200,"2004","deep",471
"517",2000,"2004","medium",472
"518",340,"2004","deep",473
"519",275,"2004","medium",474
"520",67,"2004","medium",475
"521",19,"2004","medium",476
"522",83,"2004","medium",477
"523",41,"2004","deep",478
"524",2,"2004","medium",479
"525",1500,"2004","deep",481
"526",650,"2004","deep",483
"527",30,"2004","deep",484
"528",1200,"2004","medium",486
"529",0,"2004","medium",487
"530",500,"2004","deep",488
"531",55,"2004","medium",489
"532",2500,"2004","deep",491
"533",0,"2004","medium",492
"534",3,"2004","medium",494
"535",1,"2004","medium",495
"536",15,"2004","medium",496
"537",23,"2004","medium",497
"538",125,"2004","deep",499
"539",15,"2004","medium",500
"540",1000,"2004","medium",502
"541",1,"2004","deep",505
"542",0,"2004","shallow",506
"543",8,"2004","medium",507
"544",1200,"2004","deep",508
"545",35,"2004","medium",509
"546",0,"2004","medium",514
"547",3,"2004","deep",516
"548",1,"2004","medium",518
"549",4,"2004","medium",520
"550",9,"2004","medium",522
"551",14,"2004","shallow",523
"552",200,"2004","medium",524
"553",0,"2004","deep",526
"554",21,"2004","medium",528
"555",42,"2004","medium",529
"556",10,"2004","deep",530
"557",0,"2004","shallow",534
"558",3000,"2004","deep",538
"559",1,"2004","deep",540
"560",40,"2004","deep",541
"561",52,"2004","deep",543
"562",17,"2004","medium",544
"563",300,"2004","medium",546
"564",0,"2004","deep",547
"565",13,"2004","deep",548
"566",4,"2004","deep",549
"567",0,"2004","medium",551
"568",1100,"2004","medium",555
"569",0,"2005","shallow",302
"570",400,"2005","deep",304
"571",500,"2005","deep",305
"572",0,"2005","medium",306
"573",19,"2005","medium",307
"574",27,"2005","deep",309
"575",62,"2005","medium",310
"576",3,"2005","deep",313
"577",2,"2005","medium",314
"578",0,"2005","medium",321
"579",0,"2005","shallow",323
"580",3,"2005","deep",326
"581",0,"2005","shallow",328
"582",13,"2005","medium",329
"583",0,"2005","medium",330
"584",30,"2005","medium",333
"585",0,"2005","shallow",335
"586",0,"2005","shallow",337
"587",0,"2005","medium",338
"588",8,"2005","medium",339
"589",0,"2005","medium",340
"590",51,"2005","deep",341
"591",0,"2005","shallow",345
"592",500,"2005","deep",349
"593",0,"2005","shallow",351
"594",0,"2005","shallow",355
"595",0,"2005","shallow",356
"596",300,"2005","medium",357
"597",0,"2005","shallow",360
"598",27,"2005","medium",362
"599",0,"2005","shallow",363
"600",0,"2005","medium",364
"601",0,"2005","medium",365
"602",0,"2005","medium",370
"603",12,"2005","deep",373
"604",1,"2005","medium",374
"605",0,"2005","medium",377
"606",10,"2005","medium",378
"607",5,"2005","deep",380
"608",1,"2005","medium",381
"609",800,"2005","deep",382
"610",0,"2005","medium",383
"611",26,"2005","deep",384
"612",41,"2005","deep",385
"613",8,"2005","shallow",386
"614",0,"2005","shallow",387
"615",2,"2005","shallow",388
"616",7,"2005","medium",389
"617",0,"2005","medium",390
"618",0,"2005","shallow",393
"619",0,"2005","medium",394
"620",0,"2005","shallow",406
"621",0,"2005","shallow",407
"622",0,"2005","medium",409
"623",0,"2005","shallow",411
"624",0,"2005","medium",412
"625",0,"2005","shallow",413
"626",0,"2005","shallow",414
"627",0,"2005","shallow",415
"628",2,"2005","medium",416
"629",0,"2005","shallow",417
"630",0,"2005","shallow",419
"631",31,"2005","medium",421
"632",1,"2005","medium",422
"633",85,"2005","medium",423
"634",7,"2005","medium",428
"635",1400,"2005","medium",430
"636",39,"2005","medium",432
"637",800,"2005","deep",433
"638",7,"2005","medium",435
"639",1,"2005","deep",437
"640",0,"2005","deep",440
"641",2500,"2005","medium",443
"642",1800,"2005","medium",444
"643",2500,"2005","medium",446
"644",400,"2005","medium",447
"645",25,"2005","medium",452
"646",8,"2005","medium",453
"647",0,"2005","shallow",454
"648",0,"2005","shallow",456
"649",2000,"2005","medium",459
"650",1000,"2005","medium",460
"651",25,"2005","medium",461
"652",12,"2005","medium",462
"653",46,"2005","shallow",463
"654",0,"2005","medium",464
"655",0,"2005","deep",466
"656",40,"2005","medium",468
"657",3000,"2005","medium",470
"658",400,"2005","deep",471
"659",4000,"2005","medium",472
"660",27,"2005","deep",473
"661",850,"2005","medium",474
"662",69,"2005","medium",475
"663",28,"2005","medium",476
"664",6,"2005","medium",477
"665",18,"2005","deep",478
"666",1,"2005","medium",479
"667",400,"2005","deep",481
"668",1700,"2005","deep",483
"669",0,"2005","deep",484
"670",2800,"2005","medium",486
"671",0,"2005","medium",487
"672",450,"2005","deep",488
"673",46,"2005","medium",489
"674",1800,"2005","deep",491
"675",0,"2005","medium",492
"676",5,"2005","medium",494
"677",5,"2005","medium",495
"678",11,"2005","medium",496
"679",15,"2005","medium",497
"680",116,"2005","deep",499
"681",0,"2005","medium",500
"682",800,"2005","medium",502
"683",2,"2005","deep",505
"684",0,"2005","shallow",506
"685",15,"2005","medium",507
"686",1000,"2005","deep",508
"687",6,"2005","medium",509
"688",0,"2005","medium",514
"689",0,"2005","deep",516
"690",0,"2005","medium",518
"691",0,"2005","medium",520
"692",6,"2005","medium",522
"693",83,"2005","shallow",523
"694",0,"2005","medium",524
"695",3,"2005","deep",526
"696",1,"2005","medium",528
"697",17,"2005","medium",529
"698",0,"2005","deep",530
"699",0,"2005","shallow",534
"700",500,"2005","deep",538
"701",0,"2005","deep",540
"702",7,"2005","deep",541
"703",0,"2005","deep",543
"704",2,"2005","medium",544
"705",450,"2005","medium",546
"706",0,"2005","deep",547
"707",250,"2005","deep",548
"708",4,"2005","deep",549
"709",0,"2005","medium",551
"710",2500,"2005","medium",555
"711",0,"2006","shallow",302
"712",0,"2006","deep",304
"713",0,"2006","deep",305
"714",0,"2006","medium",306
"715",0,"2006","medium",307
"716",0,"2006","deep",309
"717",0,"2006","medium",310
"718",0,"2006","deep",313
"719",0,"2006","medium",314
"720",0,"2006","medium",321
"721",0,"2006","shallow",323
"722",0,"2006","deep",326
"723",0,"2006","shallow",328
"724",0,"2006","medium",329
"725",0,"2006","medium",330
"726",0,"2006","medium",333
"727",0,"2006","shallow",335
"728",0,"2006","shallow",337
"729",0,"2006","medium",338
"730",1,"2006","medium",339
"731",0,"2006","medium",340
"732",0,"2006","deep",341
"733",0,"2006","shallow",345
"734",0,"2006","deep",349
"735",0,"2006","shallow",351
"736",0,"2006","shallow",355
"737",0,"2006","shallow",356
"738",0,"2006","medium",357
"739",0,"2006","shallow",360
"740",9,"2006","medium",362
"741",0,"2006","shallow",363
"742",0,"2006","medium",364
"743",0,"2006","medium",365
"744",0,"2006","medium",370
"745",0,"2006","deep",373
"746",0,"2006","medium",374
"747",0,"2006","medium",377
"748",0,"2006","medium",378
"749",0,"2006","deep",380
"750",0,"2006","medium",381
"751",0,"2006","deep",382
"752",0,"2006","medium",383
"753",0,"2006","deep",384
"754",0,"2006","deep",385
"755",1,"2006","shallow",386
"756",0,"2006","shallow",387
"757",0,"2006","shallow",388
"758",1,"2006","medium",389
"759",0,"2006","medium",390
"760",0,"2006","shallow",393
"761",0,"2006","medium",394
"762",0,"2006","shallow",406
"763",0,"2006","shallow",407
"764",0,"2006","medium",409
"765",0,"2006","shallow",411
"766",0,"2006","medium",412
"767",0,"2006","shallow",413
"768",0,"2006","shallow",414
"769",0,"2006","shallow",415
"770",0,"2006","medium",416
"771",0,"2006","shallow",417
"772",0,"2006","shallow",419
"773",1,"2006","medium",421
"774",1,"2006","medium",422
"775",0,"2006","medium",423
"776",0,"2006","medium",428
"777",1500,"2006","medium",430
"778",5,"2006","medium",432
"779",750,"2006","deep",433
"780",8,"2006","medium",435
"781",0,"2006","deep",437
"782",0,"2006","deep",440
"783",0,"2006","medium",443
"784",0,"2006","medium",444
"785",33,"2006","medium",446
"786",51,"2006","medium",447
"787",1,"2006","medium",452
"788",0,"2006","medium",453
"789",0,"2006","shallow",454
"790",0,"2006","shallow",456
"791",1400,"2006","medium",459
"792",500,"2006","medium",460
"793",35,"2006","medium",461
"794",10,"2006","medium",462
"795",0,"2006","shallow",463
"796",0,"2006","medium",464
"797",0,"2006","deep",466
"798",3,"2006","medium",468
"799",29,"2006","medium",470
"800",8,"2006","deep",471
"801",180,"2006","medium",472
"802",5,"2006","deep",473
"803",15,"2006","medium",474
"804",0,"2006","medium",475
"805",6,"2006","medium",476
"806",0,"2006","medium",477
"807",1,"2006","deep",478
"808",0,"2006","medium",479
"809",550,"2006","deep",481
"810",91,"2006","deep",483
"811",0,"2006","deep",484
"812",56,"2006","medium",486
"813",0,"2006","medium",487
"814",7,"2006","deep",488
"815",8,"2006","medium",489
"816",41,"2006","deep",491
"817",0,"2006","medium",492
"818",0,"2006","medium",494
"819",0,"2006","medium",495
"820",1,"2006","medium",496
"821",4,"2006","medium",497
"822",0,"2006","deep",499
"823",0,"2006","medium",500
"824",0,"2006","medium",502
"825",0,"2006","deep",505
"826",0,"2006","shallow",506
"827",0,"2006","medium",507
"828",0,"2006","deep",508
"829",1,"2006","medium",509
"830",0,"2006","medium",514
"831",0,"2006","deep",516
"832",5,"2006","medium",518
"833",0,"2006","medium",520
"834",0,"2006","medium",522
"835",8,"2006","shallow",523
"836",0,"2006","medium",524
"837",0,"2006","deep",526
"838",0,"2006","medium",528
"839",0,"2006","medium",529
"840",0,"2006","deep",530
"841",0,"2006","shallow",534
"842",0,"2006","deep",538
"843",0,"2006","deep",540
"844",0,"2006","deep",541
"845",0,"2006","deep",543
"846",0,"2006","medium",544
"847",0,"2006","medium",546
"848",0,"2006","deep",547
"849",0,"2006","deep",548
"850",0,"2006","deep",549
"851",1,"2006","medium",551
"852",0,"2006","medium",555
"853",0,"2007","shallow",302
"854",1500,"2007","deep",304
"855",1000,"2007","deep",305
"856",0,"2007","medium",306
"857",0,"2007","medium",307
"858",0,"2007","deep",309
"859",20,"2007","medium",310
"860",0,"2007","deep",313
"861",0,"2007","medium",314
"862",0,"2007","medium",321
"863",0,"2007","shallow",323
"864",6,"2007","deep",326
"865",0,"2007","shallow",328
"866",1,"2007","medium",329
"867",0,"2007","medium",330
"868",0,"2007","medium",333
"869",0,"2007","shallow",335
"870",0,"2007","shallow",337
"871",0,"2007","medium",338
"872",0,"2007","medium",339
"873",0,"2007","medium",340
"874",0,"2007","deep",341
"875",0,"2007","shallow",345
"876",1500,"2007","deep",349
"877",0,"2007","shallow",351
"878",0,"2007","shallow",355
"879",0,"2007","shallow",356
"880",24,"2007","medium",357
"881",0,"2007","shallow",360
"882",0,"2007","medium",362
"883",0,"2007","shallow",363
"884",0,"2007","medium",364
"885",0,"2007","medium",365
"886",0,"2007","medium",370
"887",0,"2007","deep",373
"888",1,"2007","medium",374
"889",0,"2007","medium",377
"890",0,"2007","medium",378
"891",19,"2007","deep",380
"892",0,"2007","medium",381
"893",0,"2007","deep",382
"894",0,"2007","medium",383
"895",0,"2007","deep",384
"896",0,"2007","deep",385
"897",0,"2007","shallow",386
"898",0,"2007","shallow",387
"899",0,"2007","shallow",388
"900",0,"2007","medium",389
"901",0,"2007","medium",390
"902",0,"2007","shallow",393
"903",0,"2007","medium",394
"904",0,"2007","shallow",406
"905",0,"2007","shallow",407
"906",0,"2007","medium",409
"907",0,"2007","shallow",411
"908",0,"2007","medium",412
"909",0,"2007","shallow",413
"910",0,"2007","shallow",414
"911",0,"2007","shallow",415
"912",0,"2007","medium",416
"913",0,"2007","shallow",417
"914",0,"2007","shallow",419
"915",0,"2007","medium",421
"916",0,"2007","medium",422
"917",0,"2007","medium",423
"918",49,"2007","medium",428
"919",500,"2007","medium",430
"920",350,"2007","medium",432
"921",800,"2007","deep",433
"922",25,"2007","medium",435
"923",4,"2007","deep",437
"924",0,"2007","deep",440
"925",1500,"2007","medium",443
"926",350,"2007","medium",444
"927",750,"2007","medium",446
"928",0,"2007","medium",447
"929",2,"2007","medium",452
"930",0,"2007","medium",453
"931",0,"2007","shallow",454
"932",0,"2007","shallow",456
"933",1200,"2007","medium",459
"934",750,"2007","medium",460
"935",500,"2007","medium",461
"936",0,"2007","medium",462
"937",0,"2007","shallow",463
"938",0,"2007","medium",464
"939",0,"2007","deep",466
"940",1,"2007","medium",468
"941",2000,"2007","medium",470
"942",12,"2007","deep",471
"943",1000,"2007","medium",472
"944",500,"2007","deep",473
"945",15,"2007","medium",474
"946",3,"2007","medium",475
"947",0,"2007","medium",476
"948",0,"2007","medium",477
"949",25,"2007","deep",478
"950",0,"2007","medium",479
"951",0,"2007","deep",481
"952",150,"2007","deep",483
"953",7,"2007","deep",484
"954",450,"2007","medium",486
"955",0,"2007","medium",487
"956",300,"2007","deep",488
"957",0,"2007","medium",489
"958",600,"2007","deep",491
"959",0,"2007","medium",492
"960",0,"2007","medium",494
"961",0,"2007","medium",495
"962",0,"2007","medium",496
"963",1,"2007","medium",497
"964",0,"2007","deep",499
"965",0,"2007","medium",500
"966",500,"2007","medium",502
"967",1,"2007","deep",505
"968",0,"2007","shallow",506
"969",0,"2007","medium",507
"970",0,"2007","deep",508
"971",18,"2007","medium",509
"972",0,"2007","medium",514
"973",0,"2007","deep",516
"974",0,"2007","medium",518
"975",0,"2007","medium",520
"976",0,"2007","medium",522
"977",0,"2007","shallow",523
"978",0,"2007","medium",524
"979",0,"2007","deep",526
"980",0,"2007","medium",528
"981",0,"2007","medium",529
"982",0,"2007","deep",530
"983",0,"2007","shallow",534
"984",0,"2007","deep",538
"985",0,"2007","deep",540
"986",0,"2007","deep",541
"987",0,"2007","deep",543
"988",0,"2007","medium",544
"989",62,"2007","medium",546
"990",2,"2007","deep",547
"991",125,"2007","deep",548
"992",0,"2007","deep",549
"993",0,"2007","medium",551
"994",1500,"2007","medium",555
"995",0,"2008","shallow",302
"996",9,"2008","deep",304
"997",1,"2008","deep",305
"998",0,"2008","medium",306
"999",1,"2008","medium",307
"1000",0,"2008","deep",309
"1001",7,"2008","medium",310
"1002",0,"2008","deep",313
"1003",0,"2008","medium",314
"1004",0,"2008","medium",321
"1005",0,"2008","shallow",323
"1006",0,"2008","deep",326
"1007",0,"2008","shallow",328
"1008",0,"2008","medium",329
"1009",0,"2008","medium",330
"1010",2,"2008","medium",333
"1011",0,"2008","shallow",335
"1012",0,"2008","shallow",337
"1013",0,"2008","medium",338
"1014",0,"2008","medium",339
"1015",0,"2008","medium",340
"1016",10,"2008","deep",341
"1017",0,"2008","shallow",345
"1018",150,"2008","deep",349
"1019",0,"2008","shallow",351
"1020",0,"2008","shallow",355
"1021",0,"2008","shallow",356
"1022",0,"2008","medium",357
"1023",0,"2008","shallow",360
"1024",0,"2008","medium",362
"1025",0,"2008","shallow",363
"1026",0,"2008","medium",364
"1027",0,"2008","medium",365
"1028",0,"2008","medium",370
"1029",0,"2008","deep",373
"1030",0,"2008","medium",374
"1031",0,"2008","medium",377
"1032",0,"2008","medium",378
"1033",4,"2008","deep",380
"1034",0,"2008","medium",381
"1035",3,"2008","deep",382
"1036",0,"2008","medium",383
"1037",0,"2008","deep",384
"1038",0,"2008","deep",385
"1039",0,"2008","shallow",386
"1040",0,"2008","shallow",387
"1041",0,"2008","shallow",388
"1042",0,"2008","medium",389
"1043",0,"2008","medium",390
"1044",0,"2008","shallow",393
"1045",0,"2008","medium",394
"1046",0,"2008","shallow",406
"1047",0,"2008","shallow",407
"1048",0,"2008","medium",409
"1049",0,"2008","shallow",411
"1050",0,"2008","medium",412
"1051",0,"2008","shallow",413
"1052",0,"2008","shallow",414
"1053",0,"2008","shallow",415
"1054",0,"2008","medium",416
"1055",0,"2008","shallow",417
"1056",0,"2008","shallow",419
"1057",0,"2008","medium",421
"1058",0,"2008","medium",422
"1059",0,"2008","medium",423
"1060",18,"2008","medium",428
"1061",300,"2008","medium",430
"1062",250,"2008","medium",432
"1063",350,"2008","deep",433
"1064",0,"2008","medium",435
"1065",2,"2008","deep",437
"1066",0,"2008","deep",440
"1067",4,"2008","medium",443
"1068",0,"2008","medium",444
"1069",0,"2008","medium",446
"1070",0,"2008","medium",447
"1071",0,"2008","medium",452
"1072",0,"2008","medium",453
"1073",0,"2008","shallow",454
"1074",0,"2008","shallow",456
"1075",600,"2008","medium",459
"1076",500,"2008","medium",460
"1077",150,"2008","medium",461
"1078",0,"2008","medium",462
"1079",0,"2008","shallow",463
"1080",0,"2008","medium",464
"1081",0,"2008","deep",466
"1082",0,"2008","medium",468
"1083",1,"2008","medium",470
"1084",0,"2008","deep",471
"1085",1,"2008","medium",472
"1086",57,"2008","deep",473
"1087",0,"2008","medium",474
"1088",0,"2008","medium",475
"1089",0,"2008","medium",476
"1090",0,"2008","medium",477
"1091",7,"2008","deep",478
"1092",0,"2008","medium",479
"1093",250,"2008","deep",481
"1094",0,"2008","deep",483
"1095",1,"2008","deep",484
"1096",0,"2008","medium",486
"1097",0,"2008","medium",487
"1098",12,"2008","deep",488
"1099",0,"2008","medium",489
"1100",0,"2008","deep",491
"1101",0,"2008","medium",492
"1102",0,"2008","medium",494
"1103",0,"2008","medium",495
"1104",0,"2008","medium",496
"1105",0,"2008","medium",497
"1106",0,"2008","deep",499
"1107",0,"2008","medium",500
"1108",35,"2008","medium",502
"1109",0,"2008","deep",505
"1110",0,"2008","shallow",506
"1111",0,"2008","medium",507
"1112",2,"2008","deep",508
"1113",0,"2008","medium",509
"1114",0,"2008","medium",514
"1115",0,"2008","deep",516
"1116",0,"2008","medium",518
"1117",0,"2008","medium",520
"1118",0,"2008","medium",522
"1119",0,"2008","shallow",523
"1120",0,"2008","medium",524
"1121",0,"2008","deep",526
"1122",0,"2008","medium",528
"1123",0,"2008","medium",529
"1124",0,"2008","deep",530
"1125",0,"2008","shallow",534
"1126",0,"2008","deep",538
"1127",0,"2008","deep",540
"1128",0,"2008","deep",541
"1129",0,"2008","deep",543
"1130",0,"2008","medium",544
"1131",0,"2008","medium",546
"1132",0,"2008","deep",547
"1133",0,"2008","deep",548
"1134",0,"2008","deep",549
"1135",0,"2008","medium",551
"1136",12,"2008","medium",555
"1137",0,"2009","shallow",302
"1138",75,"2009","deep",304
"1139",27,"2009","deep",305
"1140",0,"2009","medium",306
"1141",0,"2009","medium",307
"1142",0,"2009","deep",309
"1143",3,"2009","medium",310
"1144",0,"2009","deep",313
"1145",0,"2009","medium",314
"1146",0,"2009","medium",321
"1147",0,"2009","shallow",323
"1148",0,"2009","deep",326
"1149",0,"2009","shallow",328
"1150",0,"2009","medium",329
"1151",0,"2009","medium",330
"1152",17,"2009","medium",333
"1153",0,"2009","shallow",335
"1154",0,"2009","shallow",337
"1155",0,"2009","medium",338
"1156",0,"2009","medium",339
"1157",0,"2009","medium",340
"1158",86,"2009","deep",341
"1159",0,"2009","shallow",345
"1160",1000,"2009","deep",349
"1161",0,"2009","shallow",351
"1162",0,"2009","shallow",355
"1163",0,"2009","shallow",356
"1164",10,"2009","medium",357
"1165",0,"2009","shallow",360
"1166",0,"2009","medium",362
"1167",0,"2009","shallow",363
"1168",0,"2009","medium",364
"1169",0,"2009","medium",365
"1170",0,"2009","medium",370
"1171",0,"2009","deep",373
"1172",0,"2009","medium",374
"1173",0,"2009","medium",377
"1174",0,"2009","medium",378
"1175",15,"2009","deep",380
"1176",0,"2009","medium",381
"1177",45,"2009","deep",382
"1178",0,"2009","medium",383
"1179",1,"2009","deep",384
"1180",5,"2009","deep",385
"1181",0,"2009","shallow",386
"1182",0,"2009","shallow",387
"1183",0,"2009","shallow",388
"1184",0,"2009","medium",389
"1185",0,"2009","medium",390
"1186",0,"2009","shallow",393
"1187",0,"2009","medium",394
"1188",0,"2009","shallow",406
"1189",0,"2009","shallow",407
"1190",0,"2009","medium",409
"1191",0,"2009","shallow",411
"1192",0,"2009","medium",412
"1193",0,"2009","shallow",413
"1194",0,"2009","shallow",414
"1195",0,"2009","shallow",415
"1196",0,"2009","medium",416
"1197",0,"2009","shallow",417
"1198",0,"2009","shallow",419
"1199",0,"2009","medium",421
"1200",0,"2009","medium",422
"1201",0,"2009","medium",423
"1202",55,"2009","medium",428
"1203",145,"2009","medium",430
"1204",800,"2009","medium",432
"1205",110,"2009","deep",433
"1206",0,"2009","medium",435
"1207",0,"2009","deep",437
"1208",0,"2009","deep",440
"1209",0,"2009","medium",443
"1210",0,"2009","medium",444
"1211",0,"2009","medium",446
"1212",0,"2009","medium",447
"1213",0,"2009","medium",452
"1214",0,"2009","medium",453
"1215",0,"2009","shallow",454
"1216",0,"2009","shallow",456
"1217",1500,"2009","medium",459
"1218",550,"2009","medium",460
"1219",250,"2009","medium",461
"1220",2,"2009","medium",462
"1221",0,"2009","shallow",463
"1222",0,"2009","medium",464
"1223",0,"2009","deep",466
"1224",0,"2009","medium",468
"1225",2,"2009","medium",470
"1226",9,"2009","deep",471
"1227",22,"2009","medium",472
"1228",110,"2009","deep",473
"1229",1,"2009","medium",474
"1230",0,"2009","medium",475
"1231",0,"2009","medium",476
"1232",0,"2009","medium",477
"1233",4,"2009","deep",478
"1234",0,"2009","medium",479
"1235",0,"2009","deep",481
"1236",7,"2009","deep",483
"1237",1,"2009","deep",484
"1238",114,"2009","medium",486
"1239",0,"2009","medium",487
"1240",21,"2009","deep",488
"1241",0,"2009","medium",489
"1242",6,"2009","deep",491
"1243",0,"2009","medium",492
"1244",0,"2009","medium",494
"1245",0,"2009","medium",495
"1246",0,"2009","medium",496
"1247",0,"2009","medium",497
"1248",0,"2009","deep",499
"1249",0,"2009","medium",500
"1250",101,"2009","medium",502
"1251",0,"2009","deep",505
"1252",0,"2009","shallow",506
"1253",0,"2009","medium",507
"1254",0,"2009","deep",508
"1255",0,"2009","medium",509
"1256",0,"2009","medium",514
"1257",0,"2009","deep",516
"1258",5,"2009","medium",518
"1259",0,"2009","medium",520
"1260",0,"2009","medium",522
"1261",0,"2009","shallow",523
"1262",0,"2009","medium",524
"1263",0,"2009","deep",526
"1264",0,"2009","medium",528
"1265",1,"2009","medium",529
"1266",0,"2009","deep",530
"1267",0,"2009","shallow",534
"1268",3,"2009","deep",538
"1269",0,"2009","deep",540
"1270",0,"2009","deep",541
"1271",4,"2009","deep",543
"1272",0,"2009","medium",544
"1273",74,"2009","medium",546
"1274",0,"2009","deep",547
"1275",10,"2009","deep",548
"1276",0,"2009","deep",549
"1277",0,"2009","medium",551
"1278",73,"2009","medium",555
"1279",0,"2010","shallow",302
"1280",0,"2010","deep",304
"1281",0,"2010","deep",305
"1282",0,"2010","medium",306
"1283",0,"2010","medium",307
"1284",0,"2010","deep",309
"1285",0,"2010","medium",310
"1286",0,"2010","deep",313
"1287",0,"2010","medium",314
"1288",0,"2010","medium",321
"1289",0,"2010","shallow",323
"1290",0,"2010","deep",326
"1291",0,"2010","shallow",328
"1292",0,"2010","medium",329
"1293",0,"2010","medium",330
"1294",20,"2010","medium",333
"1295",0,"2010","shallow",335
"1296",0,"2010","shallow",337
"1297",0,"2010","medium",338
"1298",0,"2010","medium",339
"1299",0,"2010","medium",340
"1300",0,"2010","deep",341
"1301",0,"2010","shallow",345
"1302",15,"2010","deep",349
"1303",0,"2010","shallow",351
"1304",0,"2010","shallow",355
"1305",0,"2010","shallow",356
"1306",0,"2010","medium",357
"1307",0,"2010","shallow",360
"1308",0,"2010","medium",362
"1309",0,"2010","shallow",363
"1310",0,"2010","medium",364
"1311",0,"2010","medium",365
"1312",0,"2010","medium",370
"1313",0,"2010","deep",373
"1314",0,"2010","medium",374
"1315",0,"2010","medium",377
"1316",0,"2010","medium",378
"1317",27,"2010","deep",380
"1318",0,"2010","medium",381
"1319",0,"2010","deep",382
"1320",0,"2010","medium",383
"1321",1,"2010","deep",384
"1322",6,"2010","deep",385
"1323",0,"2010","shallow",386
"1324",0,"2010","shallow",387
"1325",0,"2010","shallow",388
"1326",0,"2010","medium",389
"1327",0,"2010","medium",390
"1328",0,"2010","shallow",393
"1329",0,"2010","medium",394
"1330",0,"2010","shallow",406
"1331",0,"2010","shallow",407
"1332",0,"2010","medium",409
"1333",0,"2010","shallow",411
"1334",0,"2010","medium",412
"1335",0,"2010","shallow",413
"1336",0,"2010","shallow",414
"1337",0,"2010","shallow",415
"1338",0,"2010","medium",416
"1339",0,"2010","shallow",417
"1340",0,"2010","shallow",419
"1341",0,"2010","medium",421
"1342",0,"2010","medium",422
"1343",0,"2010","medium",423
"1344",11,"2010","medium",428
"1345",2,"2010","medium",430
"1346",300,"2010","medium",432
"1347",11,"2010","deep",433
"1348",0,"2010","medium",435
"1349",0,"2010","deep",437
"1350",0,"2010","deep",440
"1351",0,"2010","medium",443
"1352",0,"2010","medium",444
"1353",0,"2010","medium",446
"1354",0,"2010","medium",447
"1355",0,"2010","medium",452
"1356",0,"2010","medium",453
"1357",0,"2010","shallow",454
"1358",0,"2010","shallow",456
"1359",1500,"2010","medium",459
"1360",10,"2010","medium",460
"1361",5,"2010","medium",461
"1362",0,"2010","medium",462
"1363",0,"2010","shallow",463
"1364",0,"2010","medium",464
"1365",0,"2010","deep",466
"1366",0,"2010","medium",468
"1367",0,"2010","medium",470
"1368",0,"2010","deep",471
"1369",0,"2010","medium",472
"1370",350,"2010","deep",473
"1371",0,"2010","medium",474
"1372",0,"2010","medium",475
"1373",0,"2010","medium",476
"1374",0,"2010","medium",477
"1375",0,"2010","deep",478
"1376",0,"2010","medium",479
"1377",0,"2010","deep",481
"1378",0,"2010","deep",483
"1379",0,"2010","deep",484
"1380",9,"2010","medium",486
"1381",0,"2010","medium",487
"1382",1,"2010","deep",488
"1383",0,"2010","medium",489
"1384",0,"2010","deep",491
"1385",0,"2010","medium",492
"1386",0,"2010","medium",494
"1387",0,"2010","medium",495
"1388",0,"2010","medium",496
"1389",0,"2010","medium",497
"1390",0,"2010","deep",499
"1391",0,"2010","medium",500
"1392",0,"2010","medium",502
"1393",0,"2010","deep",505
"1394",0,"2010","shallow",506
"1395",0,"2010","medium",507
"1396",0,"2010","deep",508
"1397",0,"2010","medium",509
"1398",0,"2010","medium",514
"1399",0,"2010","deep",516
"1400",0,"2010","medium",518
"1401",0,"2010","medium",520
"1402",0,"2010","medium",522
"1403",0,"2010","shallow",523
"1404",0,"2010","medium",524
"1405",0,"2010","deep",526
"1406",0,"2010","medium",528
"1407",0,"2010","medium",529
"1408",0,"2010","deep",530
"1409",0,"2010","shallow",534
"1410",0,"2010","deep",538
"1411",0,"2010","deep",540
"1412",0,"2010","deep",541
"1413",0,"2010","deep",543
"1414",0,"2010","medium",544
"1415",0,"2010","medium",546
"1416",0,"2010","deep",547
"1417",0,"2010","deep",548
"1418",0,"2010","deep",549
"1419",0,"2010","medium",551
"1420",0,"2010","medium",555
"1421",0,"2011","shallow",302
"1422",3,"2011","deep",304
"1423",1,"2011","deep",305
"1424",0,"2011","medium",306
"1425",0,"2011","medium",307
"1426",0,"2011","deep",309
"1427",0,"2011","medium",310
"1428",0,"2011","deep",313
"1429",0,"2011","medium",314
"1430",0,"2011","medium",321
"1431",0,"2011","shallow",323
"1432",0,"2011","deep",326
"1433",0,"2011","shallow",328
"1434",0,"2011","medium",329
"1435",0,"2011","medium",330
"1436",12,"2011","medium",333
"1437",0,"2011","shallow",335
"1438",0,"2011","shallow",337
"1439",0,"2011","medium",338
"1440",0,"2011","medium",339
"1441",0,"2011","medium",340
"1442",1,"2011","deep",341
"1443",0,"2011","shallow",345
"1444",450,"2011","deep",349
"1445",0,"2011","shallow",351
"1446",0,"2011","shallow",355
"1447",0,"2011","shallow",356
"1448",1,"2011","medium",357
"1449",0,"2011","shallow",360
"1450",0,"2011","medium",362
"1451",0,"2011","shallow",363
"1452",0,"2011","medium",364
"1453",0,"2011","medium",365
"1454",0,"2011","medium",370
"1455",0,"2011","deep",373
"1456",0,"2011","medium",374
"1457",0,"2011","medium",377
"1458",0,"2011","medium",378
"1459",8,"2011","deep",380
"1460",0,"2011","medium",381
"1461",1,"2011","deep",382
"1462",0,"2011","medium",383
"1463",2,"2011","deep",384
"1464",6,"2011","deep",385
"1465",0,"2011","shallow",386
"1466",0,"2011","shallow",387
"1467",0,"2011","shallow",388
"1468",0,"2011","medium",389
"1469",0,"2011","medium",390
"1470",0,"2011","shallow",393
"1471",0,"2011","medium",394
"1472",0,"2011","shallow",406
"1473",0,"2011","shallow",407
"1474",0,"2011","medium",409
"1475",0,"2011","shallow",411
"1476",0,"2011","medium",412
"1477",0,"2011","shallow",413
"1478",0,"2011","shallow",414
"1479",0,"2011","shallow",415
"1480",0,"2011","medium",416
"1481",0,"2011","shallow",417
"1482",0,"2011","shallow",419
"1483",0,"2011","medium",421
"1484",0,"2011","medium",422
"1485",0,"2011","medium",423
"1486",150,"2011","medium",428
"1487",0,"2011","medium",430
"1488",11,"2011","medium",432
"1489",12,"2011","deep",433
"1490",0,"2011","medium",435
"1491",0,"2011","deep",437
"1492",0,"2011","deep",440
"1493",1,"2011","medium",443
"1494",0,"2011","medium",444
"1495",0,"2011","medium",446
"1496",0,"2011","medium",447
"1497",0,"2011","medium",452
"1498",0,"2011","medium",453
"1499",0,"2011","shallow",454
"1500",0,"2011","shallow",456
"1501",750,"2011","medium",459
"1502",4,"2011","medium",460
"1503",2,"2011","medium",461
"1504",0,"2011","medium",462
"1505",0,"2011","shallow",463
"1506",0,"2011","medium",464
"1507",0,"2011","deep",466
"1508",0,"2011","medium",468
"1509",0,"2011","medium",470
"1510",1,"2011","deep",471
"1511",0,"2011","medium",472
"1512",175,"2011","deep",473
"1513",0,"2011","medium",474
"1514",0,"2011","medium",475
"1515",0,"2011","medium",476
"1516",0,"2011","medium",477
"1517",0,"2011","deep",478
"1518",0,"2011","medium",479
"1519",0,"2011","deep",481
"1520",3,"2011","deep",483
"1521",0,"2011","deep",484
"1522",1,"2011","medium",486
"1523",0,"2011","medium",487
"1524",0,"2011","deep",488
"1525",0,"2011","medium",489
"1526",0,"2011","deep",491
"1527",0,"2011","medium",492
"1528",0,"2011","medium",494
"1529",0,"2011","medium",495
"1530",0,"2011","medium",496
"1531",0,"2011","medium",497
"1532",0,"2011","deep",499
"1533",0,"2011","medium",500
"1534",1,"2011","medium",502
"1535",0,"2011","deep",505
"1536",0,"2011","shallow",506
"1537",0,"2011","medium",507
"1538",4,"2011","deep",508
"1539",0,"2011","medium",509
"1540",0,"2011","medium",514
"1541",0,"2011","deep",516
"1542",0,"2011","medium",518
"1543",0,"2011","medium",520
"1544",0,"2011","medium",522
"1545",0,"2011","shallow",523
"1546",0,"2011","medium",524
"1547",0,"2011","deep",526
"1548",0,"2011","medium",528
"1549",0,"2011","medium",529
"1550",0,"2011","deep",530
"1551",0,"2011","shallow",534
"1552",1,"2011","deep",538
"1553",0,"2011","deep",540
"1554",0,"2011","deep",541
"1555",0,"2011","deep",543
"1556",0,"2011","medium",544
"1557",1,"2011","medium",546
"1558",0,"2011","deep",547
"1559",3,"2011","deep",548
"1560",0,"2011","deep",549
"1561",0,"2011","medium",551
"1562",0,"2011","medium",555
"1563",0,"2012","shallow",302
"1564",23,"2012","deep",304
"1565",0,"2012","deep",305
"1566",0,"2012","medium",306
"1567",0,"2012","medium",307
"1568",0,"2012","deep",309
"1569",11,"2012","medium",310
"1570",0,"2012","deep",313
"1571",0,"2012","medium",314
"1572",0,"2012","medium",321
"1573",0,"2012","shallow",323
"1574",0,"2012","deep",326
"1575",0,"2012","shallow",328
"1576",0,"2012","medium",329
"1577",0,"2012","medium",330
"1578",6,"2012","medium",333
"1579",0,"2012","shallow",335
"1580",0,"2012","shallow",337
"1581",0,"2012","medium",338
"1582",0,"2012","medium",339
"1583",0,"2012","medium",340
"1584",0,"2012","deep",341
"1585",0,"2012","shallow",345
"1586",15,"2012","deep",349
"1587",0,"2012","shallow",351
"1588",0,"2012","shallow",355
"1589",0,"2012","shallow",356
"1590",0,"2012","medium",357
"1591",0,"2012","shallow",360
"1592",0,"2012","medium",362
"1593",0,"2012","shallow",363
"1594",0,"2012","medium",364
"1595",0,"2012","medium",365
"1596",0,"2012","medium",370
"1597",0,"2012","deep",373
"1598",0,"2012","medium",374
"1599",0,"2012","medium",377
"1600",0,"2012","medium",378
"1601",5,"2012","deep",380
"1602",0,"2012","medium",381
"1603",0,"2012","deep",382
"1604",0,"2012","medium",383
"1605",1,"2012","deep",384
"1606",5,"2012","deep",385
"1607",0,"2012","shallow",386
"1608",0,"2012","shallow",387
"1609",0,"2012","shallow",388
"1610",0,"2012","medium",389
"1611",0,"2012","medium",390
"1612",0,"2012","shallow",393
"1613",0,"2012","medium",394
"1614",0,"2012","shallow",406
"1615",0,"2012","shallow",407
"1616",0,"2012","medium",409
"1617",0,"2012","shallow",411
"1618",0,"2012","medium",412
"1619",0,"2012","shallow",413
"1620",0,"2012","shallow",414
"1621",0,"2012","shallow",415
"1622",0,"2012","medium",416
"1623",0,"2012","shallow",417
"1624",0,"2012","shallow",419
"1625",0,"2012","medium",421
"1626",0,"2012","medium",422
"1627",0,"2012","medium",423
"1628",39,"2012","medium",428
"1629",0,"2012","medium",430
"1630",30,"2012","medium",432
"1631",18,"2012","deep",433
"1632",0,"2012","medium",435
"1633",0,"2012","deep",437
"1634",0,"2012","deep",440
"1635",0,"2012","medium",443
"1636",0,"2012","medium",444
"1637",0,"2012","medium",446
"1638",0,"2012","medium",447
"1639",0,"2012","medium",452
"1640",0,"2012","medium",453
"1641",0,"2012","shallow",454
"1642",0,"2012","shallow",456
"1643",110,"2012","medium",459
"1644",0,"2012","medium",460
"1645",58,"2012","medium",461
"1646",0,"2012","medium",462
"1647",0,"2012","shallow",463
"1648",0,"2012","medium",464
"1649",0,"2012","deep",466
"1650",0,"2012","medium",468
"1651",0,"2012","medium",470
"1652",0,"2012","deep",471
"1653",0,"2012","medium",472
"1654",120,"2012","deep",473
"1655",0,"2012","medium",474
"1656",0,"2012","medium",475
"1657",0,"2012","medium",476
"1658",0,"2012","medium",477
"1659",0,"2012","deep",478
"1660",0,"2012","medium",479
"1661",0,"2012","deep",481
"1662",0,"2012","deep",483
"1663",0,"2012","deep",484
"1664",0,"2012","medium",486
"1665",0,"2012","medium",487
"1666",0,"2012","deep",488
"1667",0,"2012","medium",489
"1668",0,"2012","deep",491
"1669",0,"2012","medium",492
"1670",0,"2012","medium",494
"1671",0,"2012","medium",495
"1672",0,"2012","medium",496
"1673",0,"2012","medium",497
"1674",0,"2012","deep",499
"1675",0,"2012","medium",500
"1676",0,"2012","medium",502
"1677",0,"2012","deep",505
"1678",0,"2012","shallow",506
"1679",0,"2012","medium",507
"1680",0,"2012","deep",508
"1681",0,"2012","medium",509
"1682",0,"2012","medium",514
"1683",0,"2012","deep",516
"1684",0,"2012","medium",518
"1685",0,"2012","medium",520
"1686",0,"2012","medium",522
"1687",0,"2012","shallow",523
"1688",0,"2012","medium",524
"1689",0,"2012","deep",526
"1690",0,"2012","medium",528
"1691",0,"2012","medium",529
"1692",0,"2012","deep",530
"1693",0,"2012","shallow",534
"1694",0,"2012","deep",538
"1695",0,"2012","deep",540
"1696",0,"2012","deep",541
"1697",0,"2012","deep",543
"1698",0,"2012","medium",544
"1699",0,"2012","medium",546
"1700",0,"2012","deep",547
"1701",0,"2012","deep",548
"1702",0,"2012","deep",549
"1703",0,"2012","medium",551
"1704",0,"2012","medium",555
"1705",0,"2013","shallow",302
"1706",0,"2013","deep",304
"1707",31,"2013","deep",305
"1708",0,"2013","medium",306
"1709",0,"2013","medium",307
"1710",0,"2013","deep",309
"1711",0,"2013","medium",310
"1712",0,"2013","deep",313
"1713",0,"2013","medium",314
"1714",0,"2013","medium",321
"1715",0,"2013","shallow",323
"1716",0,"2013","deep",326
"1717",0,"2013","shallow",328
"1718",0,"2013","medium",329
"1719",0,"2013","medium",330
"1720",0,"2013","medium",333
"1721",0,"2013","shallow",335
"1722",0,"2013","shallow",337
"1723",0,"2013","medium",338
"1724",0,"2013","medium",339
"1725",0,"2013","medium",340
"1726",3,"2013","deep",341
"1727",0,"2013","shallow",345
"1728",6,"2013","deep",349
"1729",0,"2013","shallow",351
"1730",0,"2013","shallow",355
"1731",0,"2013","shallow",356
"1732",0,"2013","medium",357
"1733",0,"2013","shallow",360
"1734",0,"2013","medium",362
"1735",0,"2013","shallow",363
"1736",0,"2013","medium",364
"1737",0,"2013","medium",365
"1738",0,"2013","medium",370
"1739",0,"2013","deep",373
"1740",0,"2013","medium",374
"1741",0,"2013","medium",377
"1742",0,"2013","medium",378
"1743",0,"2013","deep",380
"1744",0,"2013","medium",381
"1745",2,"2013","deep",382
"1746",0,"2013","medium",383
"1747",0,"2013","deep",384
"1748",0,"2013","deep",385
"1749",0,"2013","shallow",386
"1750",0,"2013","shallow",387
"1751",0,"2013","shallow",388
"1752",0,"2013","medium",389
"1753",0,"2013","medium",390
"1754",0,"2013","shallow",393
"1755",0,"2013","medium",394
"1756",0,"2013","shallow",406
"1757",0,"2013","shallow",407
"1758",0,"2013","medium",409
"1759",0,"2013","shallow",411
"1760",0,"2013","medium",412
"1761",0,"2013","shallow",413
"1762",0,"2013","shallow",414
"1763",0,"2013","shallow",415
"1764",0,"2013","medium",416
"1765",0,"2013","shallow",417
"1766",0,"2013","shallow",419
"1767",0,"2013","medium",421
"1768",0,"2013","medium",422
"1769",0,"2013","medium",423
"1770",46,"2013","medium",428
"1771",0,"2013","medium",430
"1772",5,"2013","medium",432
"1773",2,"2013","deep",433
"1774",0,"2013","medium",435
"1775",0,"2013","deep",437
"1776",0,"2013","deep",440
"1777",0,"2013","medium",443
"1778",0,"2013","medium",444
"1779",0,"2013","medium",446
"1780",0,"2013","medium",447
"1781",0,"2013","medium",452
"1782",0,"2013","medium",453
"1783",0,"2013","shallow",454
"1784",0,"2013","shallow",456
"1785",1,"2013","medium",459
"1786",0,"2013","medium",460
"1787",0,"2013","medium",461
"1788",0,"2013","medium",462
"1789",0,"2013","shallow",463
"1790",0,"2013","medium",464
"1791",0,"2013","deep",466
"1792",0,"2013","medium",468
"1793",0,"2013","medium",470
"1794",0,"2013","deep",471
"1795",0,"2013","medium",472
"1796",0,"2013","deep",473
"1797",0,"2013","medium",474
"1798",0,"2013","medium",475
"1799",0,"2013","medium",476
"1800",0,"2013","medium",477
"1801",0,"2013","deep",478
"1802",0,"2013","medium",479
"1803",0,"2013","deep",481
"1804",0,"2013","deep",483
"1805",0,"2013","deep",484
"1806",0,"2013","medium",486
"1807",0,"2013","medium",487
"1808",0,"2013","deep",488
"1809",0,"2013","medium",489
"1810",0,"2013","deep",491
"1811",0,"2013","medium",492
"1812",0,"2013","medium",494
"1813",0,"2013","medium",495
"1814",0,"2013","medium",496
"1815",0,"2013","medium",497
"1816",0,"2013","deep",499
"1817",0,"2013","medium",500
"1818",0,"2013","medium",502
"1819",0,"2013","deep",505
"1820",0,"2013","shallow",506
"1821",0,"2013","medium",507
"1822",0,"2013","deep",508
"1823",0,"2013","medium",509
"1824",0,"2013","medium",514
"1825",0,"2013","deep",516
"1826",0,"2013","medium",518
"1827",0,"2013","medium",520
"1828",0,"2013","medium",522
"1829",0,"2013","shallow",523
"1830",0,"2013","medium",524
"1831",0,"2013","deep",526
"1832",0,"2013","medium",528
"1833",0,"2013","medium",529
"1834",0,"2013","deep",530
"1835",0,"2013","shallow",534
"1836",0,"2013","deep",538
"1837",0,"2013","deep",540
"1838",0,"2013","deep",541
"1839",0,"2013","deep",543
"1840",0,"2013","medium",544
"1841",0,"2013","medium",546
"1842",0,"2013","deep",547
"1843",0,"2013","deep",548
"1844",0,"2013","deep",549
"1845",0,"2013","medium",551
"1846",0,"2013","medium",555
"1847",0,"2014","shallow",302
"1848",1,"2014","deep",304
"1849",3,"2014","deep",305
"1850",0,"2014","medium",306
"1851",0,"2014","medium",307
"1852",0,"2014","deep",309
"1853",0,"2014","medium",310
"1854",0,"2014","deep",313
"1855",0,"2014","medium",314
"1856",0,"2014","medium",321
"1857",0,"2014","shallow",323
"1858",0,"2014","deep",326
"1859",0,"2014","shallow",328
"1860",0,"2014","medium",329
"1861",0,"2014","medium",330
"1862",0,"2014","medium",333
"1863",0,"2014","shallow",335
"1864",0,"2014","shallow",337
"1865",0,"2014","medium",338
"1866",0,"2014","medium",339
"1867",0,"2014","medium",340
"1868",0,"2014","deep",341
"1869",0,"2014","shallow",345
"1870",0,"2014","deep",349
"1871",0,"2014","shallow",351
"1872",0,"2014","shallow",355
"1873",0,"2014","shallow",356
"1874",0,"2014","medium",357
"1875",0,"2014","shallow",360
"1876",0,"2014","medium",362
"1877",0,"2014","shallow",363
"1878",0,"2014","medium",364
"1879",0,"2014","medium",365
"1880",0,"2014","medium",370
"1881",0,"2014","deep",373
"1882",0,"2014","medium",374
"1883",0,"2014","medium",377
"1884",0,"2014","medium",378
"1885",0,"2014","deep",380
"1886",0,"2014","medium",381
"1887",0,"2014","deep",382
"1888",0,"2014","medium",383
"1889",0,"2014","deep",384
"1890",0,"2014","deep",385
"1891",0,"2014","shallow",386
"1892",0,"2014","shallow",387
"1893",0,"2014","shallow",388
"1894",0,"2014","medium",389
"1895",0,"2014","medium",390
"1896",0,"2014","shallow",393
"1897",0,"2014","medium",394
"1898",0,"2014","shallow",406
"1899",0,"2014","shallow",407
"1900",0,"2014","medium",409
"1901",0,"2014","shallow",411
"1902",0,"2014","medium",412
"1903",0,"2014","shallow",413
"1904",0,"2014","shallow",414
"1905",0,"2014","shallow",415
"1906",0,"2014","medium",416
"1907",0,"2014","shallow",417
"1908",0,"2014","shallow",419
"1909",0,"2014","medium",421
"1910",0,"2014","medium",422
"1911",0,"2014","medium",423
"1912",68,"2014","medium",428
"1913",0,"2014","medium",430
"1914",0,"2014","medium",432
"1915",0,"2014","deep",433
"1916",0,"2014","medium",435
"1917",0,"2014","deep",437
"1918",0,"2014","deep",440
"1919",0,"2014","medium",443
"1920",0,"2014","medium",444
"1921",0,"2014","medium",446
"1922",0,"2014","medium",447
"1923",0,"2014","medium",452
"1924",0,"2014","medium",453
"1925",0,"2014","shallow",454
"1926",0,"2014","shallow",456
"1927",6,"2014","medium",459
"1928",0,"2014","medium",460
"1929",1,"2014","medium",461
"1930",0,"2014","medium",462
"1931",0,"2014","shallow",463
"1932",0,"2014","medium",464
"1933",0,"2014","deep",466
"1934",0,"2014","medium",468
"1935",0,"2014","medium",470
"1936",0,"2014","deep",471
"1937",0,"2014","medium",472
"1938",0,"2014","deep",473
"1939",0,"2014","medium",474
"1940",0,"2014","medium",475
"1941",0,"2014","medium",476
"1942",0,"2014","medium",477
"1943",0,"2014","deep",478
"1944",0,"2014","medium",479
"1945",0,"2014","deep",481
"1946",0,"2014","deep",483
"1947",0,"2014","deep",484
"1948",0,"2014","medium",486
"1949",0,"2014","medium",487
"1950",0,"2014","deep",488
"1951",0,"2014","medium",489
"1952",0,"2014","deep",491
"1953",0,"2014","medium",492
"1954",0,"2014","medium",494
"1955",0,"2014","medium",495
"1956",0,"2014","medium",496
"1957",0,"2014","medium",497
"1958",0,"2014","deep",499
"1959",0,"2014","medium",500
"1960",0,"2014","medium",502
"1961",0,"2014","deep",505
"1962",0,"2014","shallow",506
"1963",0,"2014","medium",507
"1964",0,"2014","deep",508
"1965",0,"2014","medium",509
"1966",0,"2014","medium",514
"1967",0,"2014","deep",516
"1968",0,"2014","medium",518
"1969",0,"2014","medium",520
"1970",0,"2014","medium",522
"1971",0,"2014","shallow",523
"1972",0,"2014","medium",524
"1973",0,"2014","deep",526
"1974",0,"2014","medium",528
"1975",0,"2014","medium",529
"1976",0,"2014","deep",530
"1977",0,"2014","shallow",534
"1978",0,"2014","deep",538
"1979",0,"2014","deep",540
"1980",0,"2014","deep",541
"1981",0,"2014","deep",543
"1982",0,"2014","medium",544
"1983",0,"2014","medium",546
"1984",0,"2014","deep",547
"1985",0,"2014","deep",548
"1986",0,"2014","deep",549
"1987",0,"2014","medium",551
"1988",0,"2014","medium",555
"1989",0,"2015","shallow",302
"1990",18,"2015","deep",304
"1991",80,"2015","deep",305
"1992",0,"2015","medium",306
"1993",0,"2015","medium",307
"1994",0,"2015","deep",309
"1995",0,"2015","medium",310
"1996",0,"2015","deep",313
"1997",0,"2015","medium",314
"1998",0,"2015","medium",321
"1999",0,"2015","shallow",323
"2000",0,"2015","deep",326
"2001",0,"2015","shallow",328
"2002",0,"2015","medium",329
"2003",0,"2015","medium",330
"2004",0,"2015","medium",333
"2005",0,"2015","shallow",335
"2006",0,"2015","shallow",337
"2007",0,"2015","medium",338
"2008",0,"2015","medium",339
"2009",0,"2015","medium",340
"2010",1,"2015","deep",341
"2011",0,"2015","shallow",345
"2012",7,"2015","deep",349
"2013",0,"2015","shallow",351
"2014",0,"2015","shallow",355
"2015",0,"2015","shallow",356
"2016",0,"2015","medium",357
"2017",0,"2015","shallow",360
"2018",0,"2015","medium",362
"2019",0,"2015","shallow",363
"2020",0,"2015","medium",364
"2021",0,"2015","medium",365
"2022",0,"2015","medium",370
"2023",0,"2015","deep",373
"2024",0,"2015","medium",374
"2025",0,"2015","medium",377
"2026",0,"2015","medium",378
"2027",0,"2015","deep",380
"2028",0,"2015","medium",381
"2029",1,"2015","deep",382
"2030",0,"2015","medium",383
"2031",0,"2015","deep",384
"2032",0,"2015","deep",385
"2033",0,"2015","shallow",386
"2034",0,"2015","shallow",387
"2035",0,"2015","shallow",388
"2036",0,"2015","medium",389
"2037",0,"2015","medium",390
"2038",0,"2015","shallow",393
"2039",0,"2015","medium",394
"2040",0,"2015","shallow",406
"2041",0,"2015","shallow",407
"2042",0,"2015","medium",409
"2043",0,"2015","shallow",411
"2044",0,"2015","medium",412
"2045",0,"2015","shallow",413
"2046",0,"2015","shallow",414
"2047",0,"2015","shallow",415
"2048",0,"2015","medium",416
"2049",0,"2015","shallow",417
"2050",0,"2015","shallow",419
"2051",0,"2015","medium",421
"2052",0,"2015","medium",422
"2053",0,"2015","medium",423
"2054",250,"2015","medium",428
"2055",0,"2015","medium",430
"2056",0,"2015","medium",432
"2057",0,"2015","deep",433
"2058",0,"2015","medium",435
"2059",0,"2015","deep",437
"2060",0,"2015","deep",440
"2061",0,"2015","medium",443
"2062",0,"2015","medium",444
"2063",0,"2015","medium",446
"2064",0,"2015","medium",447
"2065",0,"2015","medium",452
"2066",0,"2015","medium",453
"2067",0,"2015","shallow",454
"2068",0,"2015","shallow",456
"2069",16,"2015","medium",459
"2070",0,"2015","medium",460
"2071",0,"2015","medium",461
"2072",0,"2015","medium",462
"2073",0,"2015","shallow",463
"2074",0,"2015","medium",464
"2075",0,"2015","deep",466
"2076",0,"2015","medium",468
"2077",0,"2015","medium",470
"2078",0,"2015","deep",471
"2079",0,"2015","medium",472
"2080",20,"2015","deep",473
"2081",0,"2015","medium",474
"2082",0,"2015","medium",475
"2083",0,"2015","medium",476
"2084",0,"2015","medium",477
"2085",0,"2015","deep",478
"2086",0,"2015","medium",479
"2087",0,"2015","deep",481
"2088",0,"2015","deep",483
"2089",0,"2015","deep",484
"2090",0,"2015","medium",486
"2091",0,"2015","medium",487
"2092",0,"2015","deep",488
"2093",0,"2015","medium",489
"2094",0,"2015","deep",491
"2095",0,"2015","medium",492
"2096",0,"2015","medium",494
"2097",0,"2015","medium",495
"2098",0,"2015","medium",496
"2099",0,"2015","medium",497
"2100",0,"2015","deep",499
"2101",0,"2015","medium",500
"2102",0,"2015","medium",502
"2103",0,"2015","deep",505
"2104",0,"2015","shallow",506
"2105",0,"2015","medium",507
"2106",0,"2015","deep",508
"2107",0,"2015","medium",509
"2108",0,"2015","medium",514
"2109",0,"2015","deep",516
"2110",0,"2015","medium",518
"2111",0,"2015","medium",520
"2112",0,"2015","medium",522
"2113",0,"2015","shallow",523
"2114",0,"2015","medium",524
"2115",0,"2015","deep",526
"2116",0,"2015","medium",528
"2117",0,"2015","medium",529
"2118",0,"2015","deep",530
"2119",0,"2015","shallow",534
"2120",0,"2015","deep",538
"2121",0,"2015","deep",540
"2122",0,"2015","deep",541
"2123",0,"2015","deep",543
"2124",0,"2015","medium",544
"2125",0,"2015","medium",546
"2126",0,"2015","deep",547
"2127",0,"2015","deep",548
"2128",0,"2015","deep",549
"2129",0,"2015","medium",551
"2130",0,"2015","medium",555
"2131",0,"2016","shallow",302
"2132",150,"2016","deep",304
"2133",1500,"2016","deep",305
"2134",0,"2016","medium",306
"2135",2,"2016","medium",307
"2136",0,"2016","deep",309
"2137",1,"2016","medium",310
"2138",0,"2016","deep",313
"2139",0,"2016","medium",314
"2140",0,"2016","medium",321
"2141",0,"2016","shallow",323
"2142",0,"2016","deep",326
"2143",0,"2016","shallow",328
"2144",0,"2016","medium",329
"2145",0,"2016","medium",330
"2146",0,"2016","medium",333
"2147",0,"2016","shallow",335
"2148",0,"2016","shallow",337
"2149",0,"2016","medium",338
"2150",0,"2016","medium",339
"2151",0,"2016","medium",340
"2152",2,"2016","deep",341
"2153",0,"2016","shallow",345
"2154",160,"2016","deep",349
"2155",0,"2016","shallow",351
"2156",0,"2016","shallow",355
"2157",0,"2016","shallow",356
"2158",0,"2016","medium",357
"2159",0,"2016","shallow",360
"2160",0,"2016","medium",362
"2161",0,"2016","shallow",363
"2162",0,"2016","medium",364
"2163",0,"2016","medium",365
"2164",0,"2016","medium",370
"2165",0,"2016","deep",373
"2166",0,"2016","medium",374
"2167",0,"2016","medium",377
"2168",0,"2016","medium",378
"2169",0,"2016","deep",380
"2170",0,"2016","medium",381
"2171",3,"2016","deep",382
"2172",0,"2016","medium",383
"2173",0,"2016","deep",384
"2174",0,"2016","deep",385
"2175",0,"2016","shallow",386
"2176",0,"2016","shallow",387
"2177",0,"2016","shallow",388
"2178",0,"2016","medium",389
"2179",0,"2016","medium",390
"2180",0,"2016","shallow",393
"2181",0,"2016","medium",394
"2182",0,"2016","shallow",406
"2183",0,"2016","shallow",407
"2184",0,"2016","medium",409
"2185",0,"2016","shallow",411
"2186",0,"2016","medium",412
"2187",0,"2016","shallow",413
"2188",0,"2016","shallow",414
"2189",0,"2016","shallow",415
"2190",0,"2016","medium",416
"2191",0,"2016","shallow",417
"2192",0,"2016","shallow",419
"2193",0,"2016","medium",421
"2194",0,"2016","medium",422
"2195",0,"2016","medium",423
"2196",700,"2016","medium",428
"2197",0,"2016","medium",430
"2198",24,"2016","medium",432
"2199",0,"2016","deep",433
"2200",0,"2016","medium",435
"2201",0,"2016","deep",437
"2202",0,"2016","deep",440
"2203",0,"2016","medium",443
"2204",0,"2016","medium",444
"2205",0,"2016","medium",446
"2206",0,"2016","medium",447
"2207",0,"2016","medium",452
"2208",0,"2016","medium",453
"2209",0,"2016","shallow",454
"2210",0,"2016","shallow",456
"2211",125,"2016","medium",459
"2212",0,"2016","medium",460
"2213",2,"2016","medium",461
"2214",0,"2016","medium",462
"2215",0,"2016","shallow",463
"2216",0,"2016","medium",464
"2217",0,"2016","deep",466
"2218",0,"2016","medium",468
"2219",0,"2016","medium",470
"2220",0,"2016","deep",471
"2221",1,"2016","medium",472
"2222",150,"2016","deep",473
"2223",0,"2016","medium",474
"2224",0,"2016","medium",475
"2225",0,"2016","medium",476
"2226",0,"2016","medium",477
"2227",0,"2016","deep",478
"2228",0,"2016","medium",479
"2229",0,"2016","deep",481
"2230",0,"2016","deep",483
"2231",0,"2016","deep",484
"2232",0,"2016","medium",486
"2233",0,"2016","medium",487
"2234",0,"2016","deep",488
"2235",0,"2016","medium",489
"2236",0,"2016","deep",491
"2237",0,"2016","medium",492
"2238",0,"2016","medium",494
"2239",0,"2016","medium",495
"2240",0,"2016","medium",496
"2241",0,"2016","medium",497
"2242",0,"2016","deep",499
"2243",0,"2016","medium",500
"2244",0,"2016","medium",502
"2245",0,"2016","deep",505
"2246",0,"2016","shallow",506
"2247",0,"2016","medium",507
"2248",0,"2016","deep",508
"2249",0,"2016","medium",509
"2250",0,"2016","medium",514
"2251",0,"2016","deep",516
"2252",5,"2016","medium",518
"2253",0,"2016","medium",520
"2254",0,"2016","medium",522
"2255",0,"2016","shallow",523
"2256",0,"2016","medium",524
"2257",0,"2016","deep",526
"2258",0,"2016","medium",528
"2259",0,"2016","medium",529
"2260",0,"2016","deep",530
"2261",0,"2016","shallow",534
"2262",0,"2016","deep",538
"2263",0,"2016","deep",540
"2264",0,"2016","deep",541
"2265",1,"2016","deep",543
"2266",0,"2016","medium",544
"2267",1,"2016","medium",546
"2268",0,"2016","deep",547
"2269",0,"2016","deep",548
"2270",0,"2016","deep",549
"2271",0,"2016","medium",551
"2272",0,"2016","medium",555
"2273",0,"2017","shallow",302
"2274",0,"2017","deep",304
"2275",0,"2017","deep",305
"2276",0,"2017","medium",306
"2277",0,"2017","medium",307
"2278",0,"2017","deep",309
"2279",0,"2017","medium",310
"2280",0,"2017","deep",313
"2281",0,"2017","medium",314
"2282",0,"2017","medium",321
"2283",0,"2017","shallow",323
"2284",0,"2017","deep",326
"2285",0,"2017","shallow",328
"2286",0,"2017","medium",329
"2287",0,"2017","medium",330
"2288",0,"2017","medium",333
"2289",0,"2017","shallow",335
"2290",0,"2017","shallow",337
"2291",0,"2017","medium",338
"2292",0,"2017","medium",339
"2293",0,"2017","medium",340
"2294",0,"2017","deep",341
"2295",0,"2017","shallow",345
"2296",0,"2017","deep",349
"2297",0,"2017","shallow",351
"2298",0,"2017","shallow",355
"2299",0,"2017","shallow",356
"2300",0,"2017","medium",357
"2301",0,"2017","shallow",360
"2302",0,"2017","medium",362
"2303",0,"2017","shallow",363
"2304",0,"2017","medium",364
"2305",0,"2017","medium",365
"2306",0,"2017","medium",370
"2307",0,"2017","deep",373
"2308",0,"2017","medium",374
"2309",0,"2017","medium",377
"2310",0,"2017","medium",378
"2311",0,"2017","deep",380
"2312",0,"2017","medium",381
"2313",0,"2017","deep",382
"2314",0,"2017","medium",383
"2315",0,"2017","deep",384
"2316",0,"2017","deep",385
"2317",0,"2017","shallow",386
"2318",0,"2017","shallow",387
"2319",0,"2017","shallow",388
"2320",0,"2017","medium",389
"2321",0,"2017","medium",390
"2322",0,"2017","shallow",393
"2323",0,"2017","medium",394
"2324",0,"2017","shallow",406
"2325",0,"2017","shallow",407
"2326",0,"2017","medium",409
"2327",0,"2017","shallow",411
"2328",0,"2017","medium",412
"2329",0,"2017","shallow",413
"2330",0,"2017","shallow",414
"2331",0,"2017","shallow",415
"2332",0,"2017","medium",416
"2333",0,"2017","shallow",417
"2334",0,"2017","shallow",419
"2335",0,"2017","medium",421
"2336",0,"2017","medium",422
"2337",0,"2017","medium",423
"2338",25,"2017","medium",428
"2339",0,"2017","medium",430
"2340",0,"2017","medium",432
"2341",0,"2017","deep",433
"2342",0,"2017","medium",435
"2343",0,"2017","deep",437
"2344",0,"2017","deep",440
"2345",0,"2017","medium",443
"2346",0,"2017","medium",444
"2347",0,"2017","medium",446
"2348",0,"2017","medium",447
"2349",0,"2017","medium",452
"2350",0,"2017","medium",453
"2351",0,"2017","shallow",454
"2352",0,"2017","shallow",456
"2353",75,"2017","medium",459
"2354",0,"2017","medium",460
"2355",0,"2017","medium",461
"2356",0,"2017","medium",462
"2357",0,"2017","shallow",463
"2358",0,"2017","medium",464
"2359",0,"2017","deep",466
"2360",0,"2017","medium",468
"2361",0,"2017","medium",470
"2362",0,"2017","deep",471
"2363",0,"2017","medium",472
"2364",38,"2017","deep",473
"2365",0,"2017","medium",474
"2366",0,"2017","medium",475
"2367",0,"2017","medium",476
"2368",0,"2017","medium",477
"2369",0,"2017","deep",478
"2370",0,"2017","medium",479
"2371",0,"2017","deep",481
"2372",0,"2017","deep",483
"2373",0,"2017","deep",484
"2374",0,"2017","medium",486
"2375",0,"2017","medium",487
"2376",0,"2017","deep",488
"2377",0,"2017","medium",489
"2378",0,"2017","deep",491
"2379",0,"2017","medium",492
"2380",0,"2017","medium",494
"2381",0,"2017","medium",495
"2382",0,"2017","medium",496
"2383",0,"2017","medium",497
"2384",0,"2017","deep",499
"2385",0,"2017","medium",500
"2386",0,"2017","medium",502
"2387",0,"2017","deep",505
"2388",0,"2017","shallow",506
"2389",0,"2017","medium",507
"2390",0,"2017","deep",508
"2391",0,"2017","medium",509
"2392",0,"2017","medium",514
"2393",0,"2017","deep",516
"2394",0,"2017","medium",518
"2395",0,"2017","medium",520
"2396",0,"2017","medium",522
"2397",0,"2017","shallow",523
"2398",0,"2017","medium",524
"2399",0,"2017","deep",526
"2400",0,"2017","medium",528
"2401",0,"2017","medium",529
"2402",0,"2017","deep",530
"2403",0,"2017","shallow",534
"2404",0,"2017","deep",538
"2405",0,"2017","deep",540
"2406",0,"2017","deep",541
"2407",0,"2017","deep",543
"2408",0,"2017","medium",544
"2409",0,"2017","medium",546
"2410",0,"2017","deep",547
"2411",0,"2017","deep",548
"2412",0,"2017","deep",549
"2413",0,"2017","medium",551
"2414",0,"2017","medium",555
"2415",0,"2000","shallow",302
"2416",24,"2000","deep",304
"2417",10,"2000","deep",305
"2418",18,"2000","medium",306
"2419",11,"2000","medium",307
"2420",6,"2000","deep",309
"2421",7,"2000","medium",310
"2422",0,"2000","deep",313
"2423",1,"2000","medium",314
"2424",5,"2000","medium",321
"2425",0,"2000","shallow",323
"2426",3,"2000","deep",326
"2427",1,"2000","shallow",328
"2428",0,"2000","medium",329
"2429",0,"2000","medium",330
"2430",6,"2000","medium",333
"2431",0,"2000","shallow",335
"2432",2,"2000","shallow",337
"2433",0,"2000","medium",338
"2434",3,"2000","medium",339
"2435",7,"2000","medium",340
"2436",13,"2000","deep",341
"2437",2,"2000","shallow",345
"2438",28,"2000","deep",349
"2439",1,"2000","shallow",351
"2440",0,"2000","shallow",355
"2441",6,"2000","shallow",356
"2442",8,"2000","medium",357
"2443",3,"2000","shallow",360
"2444",0,"2000","medium",362
"2445",4,"2000","shallow",363
"2446",2,"2000","medium",364
"2447",0,"2000","medium",365
"2448",4,"2000","medium",370
"2449",12,"2000","deep",373
"2450",1,"2000","medium",374
"2451",0,"2000","medium",377
"2452",7,"2000","medium",378
"2453",10,"2000","deep",380
"2454",10,"2000","medium",381
"2455",10,"2000","deep",382
"2456",0,"2000","medium",383
"2457",9,"2000","deep",384
"2458",11,"2000","deep",385
"2459",0,"2000","shallow",386
"2460",2,"2000","shallow",387
"2461",0,"2000","shallow",388
"2462",0,"2000","medium",389
"2463",0,"2000","medium",390
"2464",2,"2000","shallow",393
"2465",7,"2000","medium",394
"2466",20,"2000","shallow",406
"2467",7,"2000","shallow",407
"2468",12,"2000","medium",409
"2469",18,"2000","shallow",411
"2470",2,"2000","medium",412
"2471",4,"2000","shallow",413
"2472",3,"2000","shallow",414
"2473",0,"2000","shallow",415
"2474",7,"2000","medium",416
"2475",10,"2000","shallow",417
"2476",20,"2000","shallow",419
"2477",8,"2000","medium",421
"2478",10,"2000","medium",422
"2479",2,"2000","medium",423
"2480",12,"2000","medium",428
"2481",18,"2000","medium",430
"2482",6,"2000","medium",432
"2483",16,"2000","deep",433
"2484",1,"2000","medium",435
"2485",12,"2000","deep",437
"2486",4,"2000","deep",440
"2487",5,"2000","medium",443
"2488",6,"2000","medium",444
"2489",31,"2000","medium",446
"2490",33,"2000","medium",447
"2491",5,"2000","medium",452
"2492",7,"2000","medium",453
"2493",20,"2000","shallow",454
"2494",17,"2000","shallow",456
"2495",28,"2000","medium",459
"2496",27,"2000","medium",460
"2497",23,"2000","medium",461
"2498",25,"2000","medium",462
"2499",3,"2000","shallow",463
"2500",9,"2000","medium",464
"2501",3,"2000","deep",466
"2502",0,"2000","medium",468
"2503",13,"2000","medium",470
"2504",2,"2000","deep",471
"2505",20,"2000","medium",472
"2506",7,"2000","deep",473
"2507",7,"2000","medium",474
"2508",6,"2000","medium",475
"2509",6,"2000","medium",476
"2510",12,"2000","medium",477
"2511",14,"2000","deep",478
"2512",39,"2000","medium",479
"2513",20,"2000","deep",481
"2514",26,"2000","deep",483
"2515",21,"2000","deep",484
"2516",17,"2000","medium",486
"2517",4,"2000","medium",487
"2518",8,"2000","deep",488
"2519",11,"2000","medium",489
"2520",24,"2000","deep",491
"2521",18,"2000","medium",492
"2522",24,"2000","medium",494
"2523",7,"2000","medium",495
"2524",4,"2000","medium",496
"2525",0,"2000","medium",497
"2526",14,"2000","deep",499
"2527",20,"2000","medium",500
"2528",35,"2000","medium",502
"2529",0,"2000","deep",505
"2530",15,"2000","shallow",506
"2531",2,"2000","medium",507
"2532",27,"2000","deep",508
"2533",26,"2000","medium",509
"2534",27,"2000","medium",514
"2535",17,"2000","deep",516
"2536",21,"2000","medium",518
"2537",24,"2000","medium",520
"2538",20,"2000","medium",522
"2539",3,"2000","shallow",523
"2540",28,"2000","medium",524
"2541",13,"2000","deep",526
"2542",12,"2000","medium",528
"2543",16,"2000","medium",529
"2544",5,"2000","deep",530
"2545",16,"2000","shallow",534
"2546",8,"2000","deep",538
"2547",14,"2000","deep",540
"2548",14,"2000","deep",541
"2549",18,"2000","deep",543
"2550",11,"2000","medium",544
"2551",17,"2000","medium",546
"2552",33,"2000","deep",547
"2553",16,"2000","deep",548
"2554",11,"2000","deep",549
"2555",6,"2000","medium",551
"2556",6,"2000","medium",555
